problem size, direct, vector, indirect
8388608, 0, 0.70199, 0.09493
16777216, 0, 0.68524, 0.05783
33554432, 0, 0.66471, 0.00123
67108864, 0, 0.66041, 0.00135
134217728, 0, 0.64923, 0.00129
268435456, 0, 0.62605, 0.00386