problem size, direct, vector, indirect
8388608,    0,  0.03509,  0.17910
16777216,   0,  0.03426,  0.48295
33554432,   0,  0.03323,  0.61504
67108864,   0,  0.03302,  0.67808
134217728,  0,  0.03246,  0.64711
268435456,  0,  0.03130,  1.89793