problem size, direct, vector, indirect
8388608, 7027.75376, 3561.29154, 263.33943
16777216, 6969.28229, 3648.31139, 432.27628
33554432, 7014.63848, 3760.99632, 203.15468
67108864, 7023.64216, 3785.50943, 184.99210
134217728, 7021.71306, 3850.65726, 193.16836
268435456, 7022.79708, 3993.23399, 64.70942